t_sec,Vt_ftps,sp_ftps,throttle
60.100000000000584,505.52958726271686,500.0,0.47
