{
  "nominal_500": {
    "baseline": {
      "overshoot_pct": 11.088048704147273,
      "t_settle_s": 1.7000000000000004,
      "ess": -3.041401676914461,
      "ess_abs": 3.041401676914461,
      "stl_sat": true,
      "stl_rho": 0.04391719579543269
    },
    "shield": {
      "overshoot_pct": 11.065197157766272,
      "t_settle_s": 3.5000000000000018,
      "ess": -3.0414017240309477,
      "ess_abs": 3.0414017240309477,
      "stl_sat": true,
      "stl_rho": 0.04391719579487097
    },
    "conformal": {
      "overshoot_pct": 11.06418666071263,
      "t_settle_s": 4.699999999999999,
      "ess": -3.041401721603904,
      "ess_abs": 3.041401721603904,
      "stl_sat": true,
      "stl_rho": 0.04391719579723986
    }
  },
  "shift_450": {
    "baseline": {
      "overshoot_pct": 5.853037584072012,
      "t_settle_s": 2.3000000000000007,
      "ess": -1.4500690139641392,
      "ess_abs": 1.4500690139641392,
      "stl_sat": true,
      "stl_rho": 0.046777623398034825
    },
    "shield": {
      "overshoot_pct": 5.8399579061543765,
      "t_settle_s": 4.699999999999999,
      "ess": -1.4500690232994202,
      "ess_abs": 1.4500690232994202,
      "stl_sat": true,
      "stl_rho": 0.04677762342891798
    },
    "conformal": {
      "overshoot_pct": 5.83938309310095,
      "t_settle_s": 6.299999999999994,
      "ess": -1.450068967563368,
      "ess_abs": 1.450068967563368,
      "stl_sat": true,
      "stl_rho": 0.04677762345431284
    }
  },
  "shift_550": {
    "baseline": {
      "overshoot_pct": 16.443909151913196,
      "t_settle_s": 1.3,
      "ess": -4.945592420738194,
      "ess_abs": 4.945592420738194,
      "stl_sat": true,
      "stl_rho": 0.04100801232280446
    },
    "shield": {
      "overshoot_pct": 16.41237293611698,
      "t_settle_s": 2.700000000000001,
      "ess": -4.945592508102095,
      "ess_abs": 4.945592508102095,
      "stl_sat": true,
      "stl_rho": 0.041008012334901776
    },
    "conformal": {
      "overshoot_pct": 16.410976577577934,
      "t_settle_s": 3.700000000000002,
      "ess": -4.945592431523892,
      "ess_abs": 4.945592431523892,
      "stl_sat": true,
      "stl_rho": 0.04100801230200494
    }
  }
}